-- phpMyAdmin SQL Dump
-- version 5.2.0
-- https://www.phpmyadmin.net/
--
-- Host: localhost
-- Generation Time: Sep 16, 2022 at 05:28 AM
-- Server version: 10.4.21-MariaDB
-- PHP Version: 7.4.29

SET SQL_MODE = "NO_AUTO_VALUE_ON_ZERO";
START TRANSACTION;
SET time_zone = "+00:00";


/*!40101 SET @OLD_CHARACTER_SET_CLIENT=@@CHARACTER_SET_CLIENT */;
/*!40101 SET @OLD_CHARACTER_SET_RESULTS=@@CHARACTER_SET_RESULTS */;
/*!40101 SET @OLD_COLLATION_CONNECTION=@@COLLATION_CONNECTION */;
/*!40101 SET NAMES utf8mb4 */;

--
-- Database: `db_laundry`
--

-- --------------------------------------------------------

--
-- Table structure for table `admin`
--

CREATE TABLE `admin` (
  `id_admin` int(4) NOT NULL,
  `nama` varchar(30) DEFAULT NULL,
  `email` varchar(30) DEFAULT NULL,
  `alamat` varchar(50) DEFAULT NULL,
  `telp` varchar(12) DEFAULT NULL,
  `username` varchar(15) DEFAULT NULL,
  `password` varchar(32) DEFAULT NULL
) ENGINE=InnoDB DEFAULT CHARSET=utf8mb4;

--
-- Dumping data for table `admin`
--

INSERT INTO `admin` (`id_admin`, `nama`, `email`, `alamat`, `telp`, `username`, `password`) VALUES
(1, 'ojaq', 'ojaq@gmail.com', 'jlgananya', '081234521', 'jaqo', 'jaqo213'),
(2, 'atop', 'atop@gmail.com', 'jlbozo', '08765436618', 'atop', 'atop2134'),
(3, 'ozo', 'ozoz@gmail.com', 'jlgananya', '0764423444', 'ozoz', 'ozoz2134');

-- --------------------------------------------------------

--
-- Table structure for table `detail_transaksi`
--

CREATE TABLE `detail_transaksi` (
  `id_detail` int(11) NOT NULL,
  `id_transaksi` int(11) DEFAULT NULL,
  `id_supir` int(11) DEFAULT NULL,
  `jasa_supir` int(7) DEFAULT NULL
) ENGINE=InnoDB DEFAULT CHARSET=utf8mb4;

--
-- Dumping data for table `detail_transaksi`
--

INSERT INTO `detail_transaksi` (`id_detail`, `id_transaksi`, `id_supir`, `jasa_supir`) VALUES
(1, 1, 1, 7655),
(2, 2, 2, 7655),
(3, 3, 3, 7655);

-- --------------------------------------------------------

--
-- Table structure for table `jenis`
--

CREATE TABLE `jenis` (
  `id_jenis` int(4) NOT NULL,
  `nama` varchar(30) DEFAULT NULL
) ENGINE=InnoDB DEFAULT CHARSET=utf8mb4;

--
-- Dumping data for table `jenis`
--

INSERT INTO `jenis` (`id_jenis`, `nama`) VALUES
(1, 'sedan'),
(2, 'suv'),
(3, 'sport');

-- --------------------------------------------------------

--
-- Table structure for table `konfirmasi`
--

CREATE TABLE `konfirmasi` (
  `id_konfirmasi` int(11) NOT NULL,
  `id_transaksi` int(11) DEFAULT NULL,
  `bukti` varchar(100) DEFAULT NULL
) ENGINE=InnoDB DEFAULT CHARSET=utf8mb4;

--
-- Dumping data for table `konfirmasi`
--

INSERT INTO `konfirmasi` (`id_konfirmasi`, `id_transaksi`, `bukti`) VALUES
(1, 1, 'rjfoi7dojfegh8rwj.png'),
(2, 2, 'r654654768798656453edfv.png'),
(3, 3, 'ryhgehrfw875h34gv.png');

-- --------------------------------------------------------

--
-- Table structure for table `mobil`
--

CREATE TABLE `mobil` (
  `id_mobil` int(11) NOT NULL,
  `id_jenis` int(4) DEFAULT NULL,
  `no_mobil` varchar(10) DEFAULT NULL,
  `merk` varchar(20) DEFAULT NULL,
  `nama_mobil` varchar(30) DEFAULT NULL,
  `gambar` varchar(100) DEFAULT NULL,
  `harga` int(7) DEFAULT NULL,
  `status` enum('0','1') DEFAULT NULL
) ENGINE=InnoDB DEFAULT CHARSET=utf8mb4;

--
-- Dumping data for table `mobil`
--

INSERT INTO `mobil` (`id_mobil`, `id_jenis`, `no_mobil`, `merk`, `nama_mobil`, `gambar`, `harga`, `status`) VALUES
(1, 1, 'F4385BOZ', 'lamborgini', 'aventador', 'lambontador.png', 9000000, '1'),
(2, 2, 'R0983LMA', 'lamborgini', 'aventador', 'lambontador.png', 9000000, '1'),
(3, 3, 'B5478UAN', 'lamborgini', 'aventador', 'lambontador.png', 9000000, '1');

-- --------------------------------------------------------

--
-- Table structure for table `pelanggan`
--

CREATE TABLE `pelanggan` (
  `id_pelanggan` int(11) NOT NULL,
  `not_ktp` char(16) DEFAULT NULL,
  `nama` varchar(30) DEFAULT NULL,
  `email` varchar(30) DEFAULT NULL,
  `no_telp` char(12) DEFAULT NULL,
  `alamat` varchar(50) DEFAULT NULL,
  `username` varchar(10) DEFAULT NULL,
  `password` varchar(32) DEFAULT NULL
) ENGINE=InnoDB DEFAULT CHARSET=utf8mb4;

--
-- Dumping data for table `pelanggan`
--

INSERT INTO `pelanggan` (`id_pelanggan`, `not_ktp`, `nama`, `email`, `no_telp`, `alamat`, `username`, `password`) VALUES
(1, '3123214431', 'hkjdsa', 'hjlfsa@gmail.com', '597349855', 'jlbozoa', 'jhlfas', 'hjfdsakjd'),
(2, '3643214431', 'gdsas', 'gdsas@gmail.com', '598765432', 'jlbozoo', 'j6trew', 'gfdgdfgr'),
(3, '3765321431', 'hrewq', 'hrewq@gmail.com', '643532555', 'jlbozoi', 'yrtsdas', 'ikjhgfdd');

-- --------------------------------------------------------

--
-- Table structure for table `supir`
--

CREATE TABLE `supir` (
  `id_supir` int(11) NOT NULL,
  `nama` varchar(30) DEFAULT NULL,
  `telp` char(12) DEFAULT NULL,
  `alamat` varchar(50) DEFAULT NULL,
  `status` enum('0','1') DEFAULT NULL
) ENGINE=InnoDB DEFAULT CHARSET=utf8mb4;

--
-- Dumping data for table `supir`
--

INSERT INTO `supir` (`id_supir`, `nama`, `telp`, `alamat`, `status`) VALUES
(1, 'ronaldo', '56853754', 'jlmanchestercity', '1'),
(2, 'messi', '67548293', 'jlminyakoil', '1'),
(3, 'mbap', '98654324', 'jlparistower', '0');

-- --------------------------------------------------------

--
-- Table structure for table `transaksi`
--

CREATE TABLE `transaksi` (
  `id_transaksi` int(11) NOT NULL,
  `id_pelanggan` int(11) DEFAULT NULL,
  `id_mobil` int(11) DEFAULT NULL,
  `tgl_sewa` datetime DEFAULT NULL,
  `tgl_ambil` datetime DEFAULT NULL,
  `tgl_kembali` datetime DEFAULT NULL,
  `lama` int(1) DEFAULT NULL,
  `total_harga` int(7) DEFAULT NULL,
  `status` enum('0','1') DEFAULT NULL,
  `jaminan` varchar(30) DEFAULT NULL,
  `denda` int(7) DEFAULT NULL,
  `jatuh_tempo` datetime DEFAULT NULL,
  `konfirmasi` enum('0','1') DEFAULT NULL,
  `pembatalan` enum('0','1') DEFAULT NULL
) ENGINE=InnoDB DEFAULT CHARSET=utf8mb4;

--
-- Dumping data for table `transaksi`
--

INSERT INTO `transaksi` (`id_transaksi`, `id_pelanggan`, `id_mobil`, `tgl_sewa`, `tgl_ambil`, `tgl_kembali`, `lama`, `total_harga`, `status`, `jaminan`, `denda`, `jatuh_tempo`, `konfirmasi`, `pembatalan`) VALUES
(1, 1, 1, '2022-11-12 00:00:00', '2022-12-12 00:00:00', '2023-03-12 00:00:00', 1, 4000000, '1', 'tigapuluh', 8000000, '2023-04-12 00:00:00', '1', '0'),
(2, 2, 2, '2022-11-12 00:00:00', '2022-12-12 00:00:00', '2023-03-12 00:00:00', 1, 4000000, '1', 'tigapuluh', 8000000, '2023-04-12 00:00:00', '1', '0'),
(3, 3, 3, '2022-11-12 00:00:00', '2022-12-12 00:00:00', '2023-03-12 00:00:00', 1, 4000000, '1', 'tigapuluh', 8000000, '2023-04-12 00:00:00', '1', '0');

--
-- Indexes for dumped tables
--

--
-- Indexes for table `admin`
--
ALTER TABLE `admin`
  ADD PRIMARY KEY (`id_admin`);

--
-- Indexes for table `detail_transaksi`
--
ALTER TABLE `detail_transaksi`
  ADD PRIMARY KEY (`id_detail`),
  ADD KEY `id_supir` (`id_supir`),
  ADD KEY `id_transaksi` (`id_transaksi`);

--
-- Indexes for table `jenis`
--
ALTER TABLE `jenis`
  ADD PRIMARY KEY (`id_jenis`);

--
-- Indexes for table `konfirmasi`
--
ALTER TABLE `konfirmasi`
  ADD PRIMARY KEY (`id_konfirmasi`),
  ADD KEY `id_transaksi` (`id_transaksi`);

--
-- Indexes for table `mobil`
--
ALTER TABLE `mobil`
  ADD PRIMARY KEY (`id_mobil`),
  ADD KEY `id_jenis` (`id_jenis`);

--
-- Indexes for table `pelanggan`
--
ALTER TABLE `pelanggan`
  ADD PRIMARY KEY (`id_pelanggan`);

--
-- Indexes for table `supir`
--
ALTER TABLE `supir`
  ADD PRIMARY KEY (`id_supir`);

--
-- Indexes for table `transaksi`
--
ALTER TABLE `transaksi`
  ADD PRIMARY KEY (`id_transaksi`),
  ADD KEY `id_pelanggan` (`id_pelanggan`),
  ADD KEY `id_mobil` (`id_mobil`);

--
-- AUTO_INCREMENT for dumped tables
--

--
-- AUTO_INCREMENT for table `admin`
--
ALTER TABLE `admin`
  MODIFY `id_admin` int(4) NOT NULL AUTO_INCREMENT, AUTO_INCREMENT=4;

--
-- AUTO_INCREMENT for table `detail_transaksi`
--
ALTER TABLE `detail_transaksi`
  MODIFY `id_detail` int(11) NOT NULL AUTO_INCREMENT, AUTO_INCREMENT=4;

--
-- AUTO_INCREMENT for table `jenis`
--
ALTER TABLE `jenis`
  MODIFY `id_jenis` int(4) NOT NULL AUTO_INCREMENT, AUTO_INCREMENT=4;

--
-- AUTO_INCREMENT for table `konfirmasi`
--
ALTER TABLE `konfirmasi`
  MODIFY `id_konfirmasi` int(11) NOT NULL AUTO_INCREMENT, AUTO_INCREMENT=4;

--
-- AUTO_INCREMENT for table `mobil`
--
ALTER TABLE `mobil`
  MODIFY `id_mobil` int(11) NOT NULL AUTO_INCREMENT, AUTO_INCREMENT=4;

--
-- AUTO_INCREMENT for table `pelanggan`
--
ALTER TABLE `pelanggan`
  MODIFY `id_pelanggan` int(11) NOT NULL AUTO_INCREMENT, AUTO_INCREMENT=4;

--
-- AUTO_INCREMENT for table `supir`
--
ALTER TABLE `supir`
  MODIFY `id_supir` int(11) NOT NULL AUTO_INCREMENT, AUTO_INCREMENT=4;

--
-- AUTO_INCREMENT for table `transaksi`
--
ALTER TABLE `transaksi`
  MODIFY `id_transaksi` int(11) NOT NULL AUTO_INCREMENT, AUTO_INCREMENT=4;

--
-- Constraints for dumped tables
--

--
-- Constraints for table `detail_transaksi`
--
ALTER TABLE `detail_transaksi`
  ADD CONSTRAINT `detail_transaksi_ibfk_1` FOREIGN KEY (`id_supir`) REFERENCES `supir` (`id_supir`),
  ADD CONSTRAINT `detail_transaksi_ibfk_2` FOREIGN KEY (`id_transaksi`) REFERENCES `transaksi` (`id_transaksi`);

--
-- Constraints for table `konfirmasi`
--
ALTER TABLE `konfirmasi`
  ADD CONSTRAINT `konfirmasi_ibfk_1` FOREIGN KEY (`id_transaksi`) REFERENCES `transaksi` (`id_transaksi`);

--
-- Constraints for table `mobil`
--
ALTER TABLE `mobil`
  ADD CONSTRAINT `mobil_ibfk_1` FOREIGN KEY (`id_jenis`) REFERENCES `jenis` (`id_jenis`);

--
-- Constraints for table `transaksi`
--
ALTER TABLE `transaksi`
  ADD CONSTRAINT `transaksi_ibfk_1` FOREIGN KEY (`id_pelanggan`) REFERENCES `pelanggan` (`id_pelanggan`),
  ADD CONSTRAINT `transaksi_ibfk_2` FOREIGN KEY (`id_mobil`) REFERENCES `mobil` (`id_mobil`);
COMMIT;

/*!40101 SET CHARACTER_SET_CLIENT=@OLD_CHARACTER_SET_CLIENT */;
/*!40101 SET CHARACTER_SET_RESULTS=@OLD_CHARACTER_SET_RESULTS */;
/*!40101 SET COLLATION_CONNECTION=@OLD_COLLATION_CONNECTION */;
